06-08-2020-09:58:09,test_CPU_User,0.12,%,test_CPU_Kernel,1.00,%,test_RAM_Used,2334620,kB,test_DISK_Used,11960,MB,test_NET_In,0,B/s,test_NET_Out,0,B/s
06-08-2020-09:58:14,test_CPU_User,0.24,%,test_CPU_Kernel,0.74,%,test_RAM_Used,2335388,kB,test_DISK_Used,11960,MB,test_NET_In,0,B/s,test_NET_Out,0,B/s
06-08-2020-09:58:19,test_CPU_User,0.12,%,test_CPU_Kernel,1.01,%,test_RAM_Used,2335388,kB,test_DISK_Used,11960,MB,test_NET_In,0,B/s,test_NET_Out,0,B/s
06-08-2020-09:58:24,test_CPU_User,0.25,%,test_CPU_Kernel,4.54,%,test_RAM_Used,2335388,kB,test_DISK_Used,11960,MB,test_NET_In,0,B/s,test_NET_Out,0,B/s
06-08-2020-09:58:29,test_CPU_User,0.85,%,test_CPU_Kernel,7.79,%,test_RAM_Used,2335132,kB,test_DISK_Used,11960,MB,test_NET_In,0,B/s,test_NET_Out,0,B/s
06-08-2020-09:58:34,test_CPU_User,0.37,%,test_CPU_Kernel,11.47,%,test_RAM_Used,2333224,kB,test_DISK_Used,11960,MB,test_NET_In,0,B/s,test_NET_Out,0,B/s
06-08-2020-09:58:39,test_CPU_User,0.49,%,test_CPU_Kernel,12.37,%,test_RAM_Used,2337956,kB,test_DISK_Used,11960,MB,test_NET_In,0,B/s,test_NET_Out,0,B/s
06-08-2020-09:58:44,test_CPU_User,0.49,%,test_CPU_Kernel,6.21,%,test_RAM_Used,2338064,kB,test_DISK_Used,11960,MB,test_NET_In,0,B/s,test_NET_Out,0,B/s
06-08-2020-09:58:49,test_CPU_User,0.50,%,test_CPU_Kernel,6.44,%,test_RAM_Used,2339088,kB,test_DISK_Used,11960,MB,test_NET_In,0,B/s,test_NET_Out,0,B/s
06-08-2020-09:58:54,test_CPU_User,0.37,%,test_CPU_Kernel,7.77,%,test_RAM_Used,2338320,kB,test_DISK_Used,11960,MB,test_NET_In,0,B/s,test_NET_Out,0,B/s
06-08-2020-09:58:59,test_CPU_User,0.49,%,test_CPU_Kernel,6.55,%,test_RAM_Used,2338576,kB,test_DISK_Used,11960,MB,test_NET_In,0,B/s,test_NET_Out,0,B/s
06-08-2020-09:59:04,test_CPU_User,0.76,%,test_CPU_Kernel,5.44,%,test_RAM_Used,2338964,kB,test_DISK_Used,11960,MB,test_NET_In,0,B/s,test_NET_Out,0,B/s
06-08-2020-09:59:09,test_CPU_User,0.37,%,test_CPU_Kernel,2.87,%,test_RAM_Used,2338832,kB,test_DISK_Used,11960,MB,test_NET_In,0,B/s,test_NET_Out,0,B/s
06-08-2020-09:59:14,test_CPU_User,0.49,%,test_CPU_Kernel,4.35,%,test_RAM_Used,2338192,kB,test_DISK_Used,11960,MB,test_NET_In,0,B/s,test_NET_Out,0,B/s
06-08-2020-09:59:19,test_CPU_User,0.50,%,test_CPU_Kernel,6.37,%,test_RAM_Used,2338320,kB,test_DISK_Used,11960,MB,test_NET_In,0,B/s,test_NET_Out,0,B/s
06-08-2020-09:59:24,test_CPU_User,0.62,%,test_CPU_Kernel,6.14,%,test_RAM_Used,2338448,kB,test_DISK_Used,11960,MB,test_NET_In,0,B/s,test_NET_Out,0,B/s
06-08-2020-09:59:29,test_CPU_User,0.74,%,test_CPU_Kernel,5.46,%,test_RAM_Used,2338448,kB,test_DISK_Used,11960,MB,test_NET_In,0,B/s,test_NET_Out,0,B/s
06-08-2020-09:59:34,test_CPU_User,0.75,%,test_CPU_Kernel,7.01,%,test_RAM_Used,2338320,kB,test_DISK_Used,11960,MB,test_NET_In,0,B/s,test_NET_Out,0,B/s
06-08-2020-09:59:39,test_CPU_User,1.85,%,test_CPU_Kernel,13.01,%,test_RAM_Used,2338328,kB,test_DISK_Used,11960,MB,test_NET_In,0,B/s,test_NET_Out,0,B/s
06-08-2020-09:59:44,test_CPU_User,0.74,%,test_CPU_Kernel,5.36,%,test_RAM_Used,2339224,kB,test_DISK_Used,11960,MB,test_NET_In,0,B/s,test_NET_Out,0,B/s
06-08-2020-09:59:49,test_CPU_User,0.61,%,test_CPU_Kernel,5.93,%,test_RAM_Used,2339224,kB,test_DISK_Used,11960,MB,test_NET_In,0,B/s,test_NET_Out,0,B/s
06-08-2020-09:59:54,test_CPU_User,0.49,%,test_CPU_Kernel,5.88,%,test_RAM_Used,2339224,kB,test_DISK_Used,11960,MB,test_NET_In,0,B/s,test_NET_Out,0,B/s
06-08-2020-09:59:59,test_CPU_User,0.62,%,test_CPU_Kernel,6.58,%,test_RAM_Used,2338712,kB,test_DISK_Used,11960,MB,test_NET_In,0,B/s,test_NET_Out,0,B/s
06-08-2020-10:00:04,test_CPU_User,0.37,%,test_CPU_Kernel,6.31,%,test_RAM_Used,2338456,kB,test_DISK_Used,11960,MB,test_NET_In,0,B/s,test_NET_Out,0,B/s
06-08-2020-10:00:09,test_CPU_User,0.49,%,test_CPU_Kernel,5.71,%,test_RAM_Used,2338852,kB,test_DISK_Used,11960,MB,test_NET_In,0,B/s,test_NET_Out,0,B/s
06-08-2020-10:00:14,test_CPU_User,0.49,%,test_CPU_Kernel,6.21,%,test_RAM_Used,2339096,kB,test_DISK_Used,11960,MB,test_NET_In,0,B/s,test_NET_Out,0,B/s
06-08-2020-10:00:19,test_CPU_User,0.63,%,test_CPU_Kernel,5.42,%,test_RAM_Used,2339096,kB,test_DISK_Used,11960,MB,test_NET_In,0,B/s,test_NET_Out,0,B/s
06-08-2020-10:00:24,test_CPU_User,0.75,%,test_CPU_Kernel,6.19,%,test_RAM_Used,2339356,kB,test_DISK_Used,11960,MB,test_NET_In,0,B/s,test_NET_Out,0,B/s
06-08-2020-10:00:29,test_CPU_User,0.50,%,test_CPU_Kernel,5.89,%,test_RAM_Used,2339224,kB,test_DISK_Used,11960,MB,test_NET_In,0,B/s,test_NET_Out,0,B/s
06-08-2020-10:00:34,test_CPU_User,0.50,%,test_CPU_Kernel,5.22,%,test_RAM_Used,2339224,kB,test_DISK_Used,11960,MB,test_NET_In,0,B/s,test_NET_Out,0,B/s
06-08-2020-10:00:39,test_CPU_User,0.49,%,test_CPU_Kernel,5.46,%,test_RAM_Used,2339224,kB,test_DISK_Used,11960,MB,test_NET_In,0,B/s,test_NET_Out,0,B/s
06-08-2020-10:00:44,test_CPU_User,0.25,%,test_CPU_Kernel,6.14,%,test_RAM_Used,2339224,kB,test_DISK_Used,11960,MB,test_NET_In,0,B/s,test_NET_Out,0,B/s
06-08-2020-10:00:49,test_CPU_User,0.63,%,test_CPU_Kernel,5.35,%,test_RAM_Used,2339224,kB,test_DISK_Used,11960,MB,test_NET_In,0,B/s,test_NET_Out,0,B/s
06-08-2020-10:00:54,test_CPU_User,0.62,%,test_CPU_Kernel,6.42,%,test_RAM_Used,2338072,kB,test_DISK_Used,11960,MB,test_NET_In,0,B/s,test_NET_Out,0,B/s
06-08-2020-10:00:59,test_CPU_User,0.50,%,test_CPU_Kernel,5.88,%,test_RAM_Used,2338740,kB,test_DISK_Used,11960,MB,test_NET_In,0,B/s,test_NET_Out,0,B/s
06-08-2020-10:01:04,test_CPU_User,0.50,%,test_CPU_Kernel,5.82,%,test_RAM_Used,2339352,kB,test_DISK_Used,11960,MB,test_NET_In,0,B/s,test_NET_Out,0,B/s
06-08-2020-10:01:09,test_CPU_User,0.62,%,test_CPU_Kernel,5.66,%,test_RAM_Used,2339096,kB,test_DISK_Used,11960,MB,test_NET_In,0,B/s,test_NET_Out,0,B/s
06-08-2020-10:01:14,test_CPU_User,0.75,%,test_CPU_Kernel,5.52,%,test_RAM_Used,2339096,kB,test_DISK_Used,11960,MB,test_NET_In,0,B/s,test_NET_Out,0,B/s
06-08-2020-10:01:19,test_CPU_User,0.86,%,test_CPU_Kernel,5.21,%,test_RAM_Used,2338968,kB,test_DISK_Used,11960,MB,test_NET_In,0,B/s,test_NET_Out,0,B/s
06-08-2020-10:01:24,test_CPU_User,0.75,%,test_CPU_Kernel,6.03,%,test_RAM_Used,2338584,kB,test_DISK_Used,11960,MB,test_NET_In,0,B/s,test_NET_Out,0,B/s
06-08-2020-10:01:29,test_CPU_User,0.49,%,test_CPU_Kernel,6.09,%,test_RAM_Used,2338456,kB,test_DISK_Used,11960,MB,test_NET_In,0,B/s,test_NET_Out,0,B/s
06-08-2020-10:01:34,test_CPU_User,0.51,%,test_CPU_Kernel,5.51,%,test_RAM_Used,2338584,kB,test_DISK_Used,11960,MB,test_NET_In,0,B/s,test_NET_Out,0,B/s
06-08-2020-10:01:39,test_CPU_User,0.61,%,test_CPU_Kernel,5.30,%,test_RAM_Used,2338584,kB,test_DISK_Used,11960,MB,test_NET_In,0,B/s,test_NET_Out,0,B/s
06-08-2020-10:01:44,test_CPU_User,0.50,%,test_CPU_Kernel,5.53,%,test_RAM_Used,2339108,kB,test_DISK_Used,11960,MB,test_NET_In,0,B/s,test_NET_Out,0,B/s
06-08-2020-10:01:49,test_CPU_User,0.62,%,test_CPU_Kernel,5.47,%,test_RAM_Used,2338968,kB,test_DISK_Used,11960,MB,test_NET_In,0,B/s,test_NET_Out,0,B/s
06-08-2020-10:01:54,test_CPU_User,0.62,%,test_CPU_Kernel,6.01,%,test_RAM_Used,2338968,kB,test_DISK_Used,11960,MB,test_NET_In,0,B/s,test_NET_Out,0,B/s
06-08-2020-10:01:59,test_CPU_User,0.50,%,test_CPU_Kernel,5.95,%,test_RAM_Used,2338840,kB,test_DISK_Used,11960,MB,test_NET_In,0,B/s,test_NET_Out,0,B/s
06-08-2020-10:02:04,test_CPU_User,0.60,%,test_CPU_Kernel,6.21,%,test_RAM_Used,2338840,kB,test_DISK_Used,11960,MB,test_NET_In,0,B/s,test_NET_Out,0,B/s
06-08-2020-10:02:09,test_CPU_User,0.75,%,test_CPU_Kernel,7.16,%,test_RAM_Used,2338840,kB,test_DISK_Used,11960,MB,test_NET_In,0,B/s,test_NET_Out,0,B/s
06-08-2020-10:02:14,test_CPU_User,0.62,%,test_CPU_Kernel,5.64,%,test_RAM_Used,2338200,kB,test_DISK_Used,11960,MB,test_NET_In,0,B/s,test_NET_Out,0,B/s
06-08-2020-10:02:19,test_CPU_User,0.75,%,test_CPU_Kernel,5.38,%,test_RAM_Used,2338200,kB,test_DISK_Used,11960,MB,test_NET_In,0,B/s,test_NET_Out,0,B/s
06-08-2020-10:02:24,test_CPU_User,0.76,%,test_CPU_Kernel,5.61,%,test_RAM_Used,2338072,kB,test_DISK_Used,11960,MB,test_NET_In,0,B/s,test_NET_Out,0,B/s
06-08-2020-10:02:29,test_CPU_User,0.50,%,test_CPU_Kernel,5.93,%,test_RAM_Used,2338072,kB,test_DISK_Used,11960,MB,test_NET_In,0,B/s,test_NET_Out,0,B/s
06-08-2020-10:02:34,test_CPU_User,0.50,%,test_CPU_Kernel,5.56,%,test_RAM_Used,2338200,kB,test_DISK_Used,11960,MB,test_NET_In,0,B/s,test_NET_Out,0,B/s
06-08-2020-10:02:39,test_CPU_User,0.62,%,test_CPU_Kernel,5.64,%,test_RAM_Used,2342024,kB,test_DISK_Used,11960,MB,test_NET_In,0,B/s,test_NET_Out,0,B/s
06-08-2020-10:02:44,test_CPU_User,0.63,%,test_CPU_Kernel,5.09,%,test_RAM_Used,2342024,kB,test_DISK_Used,11960,MB,test_NET_In,0,B/s,test_NET_Out,0,B/s
06-08-2020-10:02:49,test_CPU_User,0.37,%,test_CPU_Kernel,5.51,%,test_RAM_Used,2342024,kB,test_DISK_Used,11960,MB,test_NET_In,0,B/s,test_NET_Out,0,B/s
06-08-2020-10:02:54,test_CPU_User,0.63,%,test_CPU_Kernel,5.83,%,test_RAM_Used,2342024,kB,test_DISK_Used,11960,MB,test_NET_In,0,B/s,test_NET_Out,0,B/s
06-08-2020-10:02:59,test_CPU_User,0.62,%,test_CPU_Kernel,5.25,%,test_RAM_Used,2342024,kB,test_DISK_Used,11960,MB,test_NET_In,0,B/s,test_NET_Out,0,B/s
06-08-2020-10:03:04,test_CPU_User,0.63,%,test_CPU_Kernel,5.48,%,test_RAM_Used,2342284,kB,test_DISK_Used,11960,MB,test_NET_In,0,B/s,test_NET_Out,0,B/s
06-08-2020-10:03:09,test_CPU_User,0.37,%,test_CPU_Kernel,5.63,%,test_RAM_Used,2342664,kB,test_DISK_Used,11960,MB,test_NET_In,0,B/s,test_NET_Out,0,B/s
06-08-2020-10:03:14,test_CPU_User,0.37,%,test_CPU_Kernel,4.99,%,test_RAM_Used,2342920,kB,test_DISK_Used,11960,MB,test_NET_In,0,B/s,test_NET_Out,0,B/s
06-08-2020-10:03:19,test_CPU_User,0.36,%,test_CPU_Kernel,5.64,%,test_RAM_Used,2342920,kB,test_DISK_Used,11960,MB,test_NET_In,0,B/s,test_NET_Out,0,B/s
06-08-2020-10:03:24,test_CPU_User,0.37,%,test_CPU_Kernel,6.02,%,test_RAM_Used,2342792,kB,test_DISK_Used,11960,MB,test_NET_In,0,B/s,test_NET_Out,0,B/s
06-08-2020-10:03:29,test_CPU_User,0.50,%,test_CPU_Kernel,5.92,%,test_RAM_Used,2342664,kB,test_DISK_Used,11960,MB,test_NET_In,0,B/s,test_NET_Out,0,B/s
06-08-2020-10:03:34,test_CPU_User,0.49,%,test_CPU_Kernel,5.61,%,test_RAM_Used,2342664,kB,test_DISK_Used,11960,MB,test_NET_In,0,B/s,test_NET_Out,0,B/s
06-08-2020-10:03:39,test_CPU_User,0.62,%,test_CPU_Kernel,5.41,%,test_RAM_Used,2342664,kB,test_DISK_Used,11960,MB,test_NET_In,0,B/s,test_NET_Out,0,B/s
06-08-2020-10:03:44,test_CPU_User,0.63,%,test_CPU_Kernel,5.49,%,test_RAM_Used,2342536,kB,test_DISK_Used,11960,MB,test_NET_In,0,B/s,test_NET_Out,0,B/s
06-08-2020-10:03:49,test_CPU_User,0.62,%,test_CPU_Kernel,6.28,%,test_RAM_Used,2342536,kB,test_DISK_Used,11960,MB,test_NET_In,0,B/s,test_NET_Out,0,B/s
06-08-2020-10:03:54,test_CPU_User,0.75,%,test_CPU_Kernel,6.51,%,test_RAM_Used,2342804,kB,test_DISK_Used,11960,MB,test_NET_In,0,B/s,test_NET_Out,0,B/s
06-08-2020-10:03:59,test_CPU_User,0.50,%,test_CPU_Kernel,6.18,%,test_RAM_Used,2342280,kB,test_DISK_Used,11960,MB,test_NET_In,0,B/s,test_NET_Out,0,B/s
06-08-2020-10:04:04,test_CPU_User,0.62,%,test_CPU_Kernel,5.88,%,test_RAM_Used,2341896,kB,test_DISK_Used,11960,MB,test_NET_In,0,B/s,test_NET_Out,0,B/s
06-08-2020-10:04:09,test_CPU_User,0.62,%,test_CPU_Kernel,5.89,%,test_RAM_Used,2341896,kB,test_DISK_Used,11960,MB,test_NET_In,0,B/s,test_NET_Out,0,B/s
06-08-2020-10:04:14,test_CPU_User,0.61,%,test_CPU_Kernel,5.88,%,test_RAM_Used,2341896,kB,test_DISK_Used,11960,MB,test_NET_In,0,B/s,test_NET_Out,0,B/s
06-08-2020-10:04:19,test_CPU_User,0.50,%,test_CPU_Kernel,6.27,%,test_RAM_Used,2341512,kB,test_DISK_Used,11960,MB,test_NET_In,0,B/s,test_NET_Out,0,B/s
06-08-2020-10:04:24,test_CPU_User,0.62,%,test_CPU_Kernel,6.11,%,test_RAM_Used,2341128,kB,test_DISK_Used,11960,MB,test_NET_In,0,B/s,test_NET_Out,0,B/s
06-08-2020-10:04:29,test_CPU_User,0.49,%,test_CPU_Kernel,5.11,%,test_RAM_Used,2340872,kB,test_DISK_Used,11960,MB,test_NET_In,0,B/s,test_NET_Out,0,B/s
06-08-2020-10:04:34,test_CPU_User,0.88,%,test_CPU_Kernel,9.18,%,test_RAM_Used,2341004,kB,test_DISK_Used,11960,MB,test_NET_In,0,B/s,test_NET_Out,0,B/s
06-08-2020-10:04:39,test_CPU_User,0.74,%,test_CPU_Kernel,11.04,%,test_RAM_Used,2342180,kB,test_DISK_Used,11960,MB,test_NET_In,0,B/s,test_NET_Out,0,B/s
06-08-2020-10:04:44,test_CPU_User,0.73,%,test_CPU_Kernel,7.22,%,test_RAM_Used,2342564,kB,test_DISK_Used,11960,MB,test_NET_In,0,B/s,test_NET_Out,0,B/s
06-08-2020-10:04:49,test_CPU_User,0.51,%,test_CPU_Kernel,6.26,%,test_RAM_Used,2342564,kB,test_DISK_Used,11960,MB,test_NET_In,0,B/s,test_NET_Out,0,B/s
06-08-2020-10:04:54,test_CPU_User,0.38,%,test_CPU_Kernel,6.22,%,test_RAM_Used,2342180,kB,test_DISK_Used,11960,MB,test_NET_In,0,B/s,test_NET_Out,0,B/s
06-08-2020-10:04:59,test_CPU_User,0.62,%,test_CPU_Kernel,5.66,%,test_RAM_Used,2341924,kB,test_DISK_Used,11960,MB,test_NET_In,0,B/s,test_NET_Out,0,B/s
06-08-2020-10:05:04,test_CPU_User,0.62,%,test_CPU_Kernel,5.77,%,test_RAM_Used,2341668,kB,test_DISK_Used,11960,MB,test_NET_In,0,B/s,test_NET_Out,0,B/s
06-08-2020-10:05:09,test_CPU_User,0.87,%,test_CPU_Kernel,6.76,%,test_RAM_Used,2343104,kB,test_DISK_Used,11960,MB,test_NET_In,0,B/s,test_NET_Out,0,B/s
06-08-2020-10:05:14,test_CPU_User,0.86,%,test_CPU_Kernel,7.06,%,test_RAM_Used,2343332,kB,test_DISK_Used,11960,MB,test_NET_In,0,B/s,test_NET_Out,0,B/s
06-08-2020-10:05:19,test_CPU_User,1.37,%,test_CPU_Kernel,5.99,%,test_RAM_Used,2343856,kB,test_DISK_Used,11960,MB,test_NET_In,0,B/s,test_NET_Out,0,B/s
06-08-2020-10:05:24,test_CPU_User,0.98,%,test_CPU_Kernel,6.76,%,test_RAM_Used,2343856,kB,test_DISK_Used,11960,MB,test_NET_In,0,B/s,test_NET_Out,0,B/s
06-08-2020-10:05:29,test_CPU_User,0.89,%,test_CPU_Kernel,7.88,%,test_RAM_Used,2343856,kB,test_DISK_Used,11960,MB,test_NET_In,0,B/s,test_NET_Out,0,B/s
06-08-2020-10:05:34,test_CPU_User,0.49,%,test_CPU_Kernel,12.20,%,test_RAM_Used,2343976,kB,test_DISK_Used,11960,MB,test_NET_In,0,B/s,test_NET_Out,0,B/s
06-08-2020-10:05:39,test_CPU_User,0.73,%,test_CPU_Kernel,12.05,%,test_RAM_Used,2343844,kB,test_DISK_Used,11960,MB,test_NET_In,0,B/s,test_NET_Out,0,B/s
06-08-2020-10:05:44,test_CPU_User,0.36,%,test_CPU_Kernel,12.37,%,test_RAM_Used,2343844,kB,test_DISK_Used,11960,MB,test_NET_In,0,B/s,test_NET_Out,0,B/s
06-08-2020-10:05:49,test_CPU_User,2.16,%,test_CPU_Kernel,13.01,%,test_RAM_Used,2343972,kB,test_DISK_Used,11960,MB,test_NET_In,0,B/s,test_NET_Out,0,B/s
06-08-2020-10:05:54,test_CPU_User,0.47,%,test_CPU_Kernel,12.15,%,test_RAM_Used,2343972,kB,test_DISK_Used,11960,MB,test_NET_In,0,B/s,test_NET_Out,0,B/s
06-08-2020-10:05:59,test_CPU_User,0.60,%,test_CPU_Kernel,11.97,%,test_RAM_Used,2343844,kB,test_DISK_Used,11960,MB,test_NET_In,0,B/s,test_NET_Out,0,B/s
06-08-2020-10:06:04,test_CPU_User,1.49,%,test_CPU_Kernel,11.05,%,test_RAM_Used,2343332,kB,test_DISK_Used,11960,MB,test_NET_In,0,B/s,test_NET_Out,0,B/s
06-08-2020-10:06:09,test_CPU_User,0.72,%,test_CPU_Kernel,11.77,%,test_RAM_Used,2343076,kB,test_DISK_Used,11960,MB,test_NET_In,0,B/s,test_NET_Out,0,B/s
06-08-2020-10:06:14,test_CPU_User,1.84,%,test_CPU_Kernel,12.54,%,test_RAM_Used,2339604,kB,test_DISK_Used,11960,MB,test_NET_In,0,B/s,test_NET_Out,0,B/s
06-08-2020-10:06:19,test_CPU_User,0.85,%,test_CPU_Kernel,12.88,%,test_RAM_Used,2339992,kB,test_DISK_Used,11960,MB,test_NET_In,0,B/s,test_NET_Out,0,B/s
06-08-2020-10:06:24,test_CPU_User,0.37,%,test_CPU_Kernel,5.52,%,test_RAM_Used,2340784,kB,test_DISK_Used,11960,MB,test_NET_In,0,B/s,test_NET_Out,0,B/s
06-08-2020-10:06:29,test_CPU_User,0.62,%,test_CPU_Kernel,5.39,%,test_RAM_Used,2344472,kB,test_DISK_Used,11960,MB,test_NET_In,0,B/s,test_NET_Out,0,B/s
06-08-2020-10:06:34,test_CPU_User,0.38,%,test_CPU_Kernel,5.36,%,test_RAM_Used,2342884,kB,test_DISK_Used,11960,MB,test_NET_In,0,B/s,test_NET_Out,0,B/s
06-08-2020-10:06:39,test_CPU_User,0.74,%,test_CPU_Kernel,5.11,%,test_RAM_Used,2344056,kB,test_DISK_Used,11960,MB,test_NET_In,0,B/s,test_NET_Out,0,B/s
06-08-2020-10:06:44,test_CPU_User,0.62,%,test_CPU_Kernel,4.89,%,test_RAM_Used,2344320,kB,test_DISK_Used,11960,MB,test_NET_In,0,B/s,test_NET_Out,0,B/s
06-08-2020-10:06:49,test_CPU_User,0.75,%,test_CPU_Kernel,5.42,%,test_RAM_Used,2344320,kB,test_DISK_Used,11960,MB,test_NET_In,0,B/s,test_NET_Out,0,B/s
06-08-2020-10:06:54,test_CPU_User,0.63,%,test_CPU_Kernel,5.67,%,test_RAM_Used,2344320,kB,test_DISK_Used,11960,MB,test_NET_In,0,B/s,test_NET_Out,0,B/s
06-08-2020-10:06:59,test_CPU_User,0.62,%,test_CPU_Kernel,5.10,%,test_RAM_Used,2344320,kB,test_DISK_Used,11960,MB,test_NET_In,0,B/s,test_NET_Out,0,B/s
06-08-2020-10:07:04,test_CPU_User,0.74,%,test_CPU_Kernel,5.86,%,test_RAM_Used,2344536,kB,test_DISK_Used,11960,MB,test_NET_In,0,B/s,test_NET_Out,0,B/s
06-08-2020-10:07:09,test_CPU_User,0.74,%,test_CPU_Kernel,6.98,%,test_RAM_Used,2345056,kB,test_DISK_Used,11960,MB,test_NET_In,0,B/s,test_NET_Out,0,B/s
06-08-2020-10:07:14,test_CPU_User,0.62,%,test_CPU_Kernel,6.46,%,test_RAM_Used,2345300,kB,test_DISK_Used,11960,MB,test_NET_In,0,B/s,test_NET_Out,0,B/s
06-08-2020-10:07:19,test_CPU_User,0.62,%,test_CPU_Kernel,5.88,%,test_RAM_Used,2344532,kB,test_DISK_Used,11960,MB,test_NET_In,0,B/s,test_NET_Out,0,B/s
06-08-2020-10:07:24,test_CPU_User,0.89,%,test_CPU_Kernel,6.36,%,test_RAM_Used,2344404,kB,test_DISK_Used,11960,MB,test_NET_In,0,B/s,test_NET_Out,0,B/s
06-08-2020-10:07:29,test_CPU_User,0.75,%,test_CPU_Kernel,6.30,%,test_RAM_Used,2343892,kB,test_DISK_Used,11960,MB,test_NET_In,0,B/s,test_NET_Out,0,B/s
